{
    "categories": {
        "base": {
            "catname": {
                "expl": "Проводник и Рабочий стол",
                "stask": "Компоненты Windows",
                "wu": "Windows Update",
                "uwp": "Удаление UWP приложений",
                "sat": "Таймер выключения",
                "quick": "Быстрая настройка Windows",
                "act": "Активация Windows",
                "cm": "Контекстное меню",
                "sr": "Система и восстановление",
                "oth": "Установка приложений",
                "per": "Персонализация",
                "tel": "Отключение телеметрии",
                "pci": "Информация о ПК"
            },
            "lowtabs": {
                "rexp": "Перезапустить проводник",
                "set": "Настройки / О программе"
            },
            "def": {
                "statusdef": "Информация о последнем действии в MakuTweaker...",
                "on": "Вкл.",
                "off": "Выкл.",
                "rebnotify": "Функция которую вы применили, требует перезагрузку.",
                "rebnotifyexplorer": "Функция которую вы применили, требует перезагрузку проводника",
                "rebnotifysfc": "После завершения процесса, перезагрузите устройство!"
            }
        },
        "expl": {
            "main": {
                "label": "Проводник и Рабочий стол",
                "e1": "Скрыть неудаляемые библиотеки в проводнике",
                "e2": "Показывать скрытые файлы и папки",
                "e3": "Показывать расширения файлов",
                "e4": "Открывать в проводнике страницу \"Этот ПК\" вместо \"Главная\"",
                "e5": "Скрыть раздел \"Галерея\"",
                "e6": "Показывать иконку \"Этот ПК\" на рабочем столе",
                "e7": "Убрать окончания \"-Ярлык\" у новых ярлыков",
                "e8": "Исправить дублирование дисков в проводнике",
                "e8b": "Исправить",
                "e9": "Скрыть буквы дисков в разделе 'Этот ПК'",
                "choose": "Выбрать",
                "showall": "Показать все буквы"
            },
            "status": {
                "e8": "MakuTweaker устранил дублирование дисков в Проводнике.",
                "hdInfo1": "Выберите буквы дисков, которые хотите скрыть.",
                "hdInfo2": "Учтите, что диск все еще можно открыть, введя его букву и двоеточие в адресной строке Проводника.",
                "hide": "Скрыть выбранные буквы",
                "cc": "Отмена"
            }
        },
        "stask": {
            "main": {
                "label": "Компоненты Windows",
                "st1": "Скрыть кнопки \"Просмотр задач\" и \"Виджеты\"",
                "st2": "Огромные миниатюры окон при наведении на панель задач",
                "st3": "Уменьшить время появления миниатюр на панели задач",
                "st4": "Убрать рекламу в \"Меню Пуск\" и на панели задач",
                "st5": "Отключить онлайн поиск через Bing"
            }
        },
        "wu": {
            "main": {
                "label": "Windows Update",
                "wu1": "Отключить Windows Update",
                "wu2": "Заблокировать обновления на определённой версии Windows",
                "wu3": "Отключить обновление драйверов через центр обновления",
                "wu5": "Приостановить службу Windows Update",
                "wu6": "Отключить зарезервированное хранилище для обновлений",
                "wu5b": "Приостановить",
                "wu6b": "Заблокировать"
            },
            "status": {
                "wu4": "Вы успешно заблокировали обновления на определённой версии Windows.",
                "wu5": "Вы в любое время сможете зайти в Windows Update и нажать \"Возобновить обновления\"."
            }
        },
        "uwp": {
            "main": {
                "label": "Удаление UWP приложений",
                "info1": "Выберите UWP приложения, которые Вы хотите удалить.",
                "info2": "Обратите внимание: приложения удалятся не для всех пользователей.",
                "u3": "Сообщения",
                "u5": "Техническая поддержка",
                "u6": "Центр отзывов",
                "u9": "Ваш телефон",
                "u10": "Карты",
                "u13": "Люди, Почта, Календарь",
                "u15": "Медиаплеер",
                "u16": "Фильмы и ТВ",
                "u17": "Камера",
                "u18": "Новости",
                "u19": "Погода",
                "u20": "Записки",
                "u22": "Звукозапись",
                "u27": "Будильники и часы",
                "mode1": "Только Bloatware",
                "mode2": "Показать популярные",
                "mode3": "Показать необходимые",
                "b": "Начать удаление UWP",
                "chk": "Проверка установленных UWP приложений | ",
                "is": "установлен...",
                "isnt": "не установлен...",
                "comp": "Проверка завершена!",
                "skipped": "Проверка пропущена...",
                "skip": "Пропустить",

                "suredialogT1": "Вы выбрали удаление",
                "suredialogT2": "с помощью MakuTweaker.",
                "suredialogT3": "Вы должны понимать, что это приложение нельзя будет вернуть в систему,\nа работа, связанная с этими компонентами, может быть нестабильна.",
                "suredialogT4": "Чтобы продолжить, введите ILOVEMAKUTWEAKER в текстовом поле и нажмите OK.",
                "suredialogNS": "Отмена"
            },
            "status": {
                "noapps": "Вы не выбрали приложения для удаления.",
                "started": "Идёт удаление выбранных UWP приложений...",
                "complete": "UWP приложения были успешно удалены!"
            }
        },
        "sat": {
            "main": {
                "label": "Таймер выключения",
                "minho": "Минут / Часов: ",
                "os": "0с",
                "oned": "1д",
                "tenM": "10 минут",
                "threeM": "30 минут",
                "oneH": "1 час",
                "twoH": "2 часа",
                "fourH": "4 часа",
                "sixH": "6 часов",
                "info": "Введите количество минут, через которое система должна выключиться.\nНажмите на кнопку \"Запустить таймер выключения\", чтобы запустить таймер.",
                "b1": "Запустить таймер выключения",
                "b2": "Отменить таймер выключения",
            }
        },
        "quick": {
            "main": {
                "label": "Быстрая настройка Windows",
                "b": "Запустить быструю настройку",
                "info": "Используйте галочки чтобы выбрать настройки,\nкоторые Вы хотели бы применить в автонастройке.",
                "t1": "Показывать скрытые файлы и папки",
                "t2": "Показывать расширения файлов",
                "t3": "Открывать в проводнике страницу \"Этот ПК\" вместо \"Главная\"",
                "t4": "Исправить дублирование дисков в проводнике",
                "t5": "Показывать иконку \"Этот ПК\" на рабочем столе",
                "t6": "Убрать окончания \"-Ярлык\" у новых ярлыков",
                "t8": "Скрыть кнопки \"Просмотр задач\" и \"Виджеты\"",
                "t9": "Убрать рекламу в \"Меню Пуск\" и на панели задач",
                "t10": "Отключить онлайн поиск через Bing",
                "t11": "Приостановить службу Windows Update",
                "t13": "Отключить залипание клавиш",
                "t14": "Включить буфер обмена",
                "t15": "Убрать задержку контекстного меню",
                "t16": "Установить тайм-аут Chkdsk на 1 минуту",
                "t17": "Установить DirectPlay",
                "t18": "Установить .NET Framework 2.0, 3.0, 3.5",
                "t20": "Выключить авто-шифрование BitLocker"
            }
        },
        "act": {
          "main": {
            "label": "Активация Windows",
            "step1": "Шаг 1: Выберите сервер KMS\n(попробуйте другой, если активация не удалась!)",
            "step2": "Шаг 2: Выберите редакцию Windows",
            "step3": "Шаг 2: Примените активацию",
            "hwid": "Активация Windows с помощью HWID",
            "kms": "Ручная активация Windows с помощью KMS",
            "offi": "Активация Office с помощью HWID",
            "button20": "Применить"
          },
          "status": {
            "inprog": "Идёт активация... Это может занять некоторое время на слабых ПК...",
            "err": "Ошибка активации!",
            "alrd": "Система уже активирована!",
            "success": "Активация выполнена успешно!",
            "unk": "Неизвестная ошибка активации!",
            "eval": "У вас установлена пробная версия Windows, которую нельзя активировать. Для активации Windows нужна другая редакция.",
            "nocon": "Вы не подключены к интернету. Подключитесь к интернету, и повторите попытку.",
            "srv": "Сервер для активации выбран успешно!",
            "edit": "Редакция системы выбрана успешно!",
            "error": "Не удалось активировать Windows. Проверьте подключение к интернету и выберите правильную редакцию.",
            "kmserr": "Ошибка активации со стороны сервера KMS, попробуйте другой и повторите попытку.",
            "keyerr": "Вы выбрали неправильную редакцию. Выберите правильную и повторите попытку.",
            "hwerr": "Windows не может быть активирована используя метод HWID. Чтобы активировать Windows, используйте способ Ручной активации KMS.",
            "offierr": "Office не может быть активирован используя метод Ohook. Переустановите Office а затем повторите попытку."
          }
        },
        "cm": {
            "main": {
                "label": "Контекстное меню",
                "t1": "Включить старое контекстное меню",
                "o8": "Убрать задержку контекстного меню",
                "t2": "Проверить с использованием Microsoft Defender",
                "t3": "Открыть в терминале",
                "t4": "Добавить в избранные",
                "t5": "Поделиться",
                "t6": "Восстановить прежнюю версию",
                "t8": "Отправить",
                "t10": "Копировать как путь",
                "t11": "Закрепить на начальном экране",
                "t12": "Закрепить на панели задач",
                "t13": "Открыть в новой вкладке",
                "t14": "Панель управления NVIDIA"
            }
        },
        "sr": {
          "main": {
            "label": "Система и восстановление",
            "b1": "Установить",
            "b2": "Восстановить",
            "b3": "Сбросить",
            "b4": "Очистить",
            "b5": "Включить",
            "b6": "Применить",
            "sr1l": "Установить DirectPlay",
            "sr2l": "Установить .NET Framework 2.0, 3.0, 3.5",
            "sr3l": "Восстановить систему с помощью SFC",
            "sr4l": "Восстановить систему с помощью DISM",
            "sr5l": "Сбросить устаревшие компоненты и кэш WinSXS",
            "sr6l": "Очистить папку TEMP",
            "sr7l": "Очистить кэш Windows Update",
            "sr8l": "Включить редактор локальной групповой политики",
            "sr1": "Включить старый загрузчик системы",
            "sr2": "Выключить логотип Windows в загрузчике системы",
            "sr3": "Выключить анимацию в загрузчике системы",
            "etask": "Добавить кнопку *Завершить задачу* на панели задач",
            "sr4": "Дополнительные параметры при каждой загрузке системы",
            "sr5": "Применить сжатие системы Compact OS",
            "sr6": "Выключить авто-шифрование BitLocker",
            "sr7": "Отключить изоляцию ядра / целостность памяти",
            "sr8": "Отключить гибернацию",
            "sr9": "Выключить Virtualization-based Security",
            "sr10": "Отключить таймер спящего режима и отключения дисплея",
            "sr11": "Отключить файл подкачки",
            "pwsh": "Включить сторонние скрипты PowerShell",
            "dvrq": "Отключить всплывающее окно Xbox DVR (ms-gamingoverlay)",
            "hyperv": "Принудительно отключить Hyper-V"
          },
          "status": {
            "sr8": "Редактор групповой политики успешно возвращён!",
            "uacwarn": "При включении опции *Отключить контроль учётных записей (UAC)*, на Windows 11 перестаёт работать перетаскивание (Drag-and-Drop) на панели задач. MakuTweaker к этой проблеме отношения не имеет. Вы действительно хотите продолжить?"
          }
            },
        "oth": {
            "main": {
                "label": "Установка приложений",
                "o1": "Отключить Smart Screen",
                "o2": "Отключить контроль учётных записей (UAC)",
                "o3": "Отключить залипание клавиш",
                "o4": "Включить Буфер обмена",
                "o5": "Включить суперподробные сведения о системе",
                "o9": "Установить тайм-аут для Chkdsk на 1 минуту",
                "o10": "Сделать отчёт о характеристиках батареи",
                "o11": "Включить старый просмотрщик фото",
                "o11b": "Включить",
                "o10b": "Отчёт"
            },
            "status": {
                "o1b": "Вы успешно создали отчёт о характеристиках батареи",
                "o2b": "Нажмите ПКМ по фото, затем *Открыть с помощью*, и выберите старый просмотрщик."
            }
        },
      "app": {
        "main": {
          "label": "Установка приложений",
          "winget": "Установить WinGet",
          "start": "Начать установку",
          "stop": "Отменить установку",
          "skip": "Пропустить приложение",
          "toofastD1": "Установка приложения завершилась слишком быстро.\nСкорее всего, у вас уже установлена последняя версия ",
          "toofastD2": "\n\nЕсли это не так, попробуйте обновить \"Установщик приложений\" в Microsoft Store",
          "wgerr": "Не удалось установить приложения, так как у вас не установлен WinGet.\nЧтобы установить его, воспользуйтесь кнопкой ниже.",
          "apperr1": "Не удалось установить ",
          "apperr2": ". Это приложение будет пропущено.\nОшибка: ",
        },
        "status": {
          "inst": "Установка выбранных приложений...",
          "instC": "Установка отменена.",
          "instS": "Установка завершена!",
          "havent": "Вы не выбрали приложений для установки."
        }
      },
        "per": {
            "main": {
                "label": "Персонализация",
                "p1l": "Название новых папок и файлов по умолчанию",
                "p2l": "Изменить цвет выделения",
                "p4": "Включить маленькие кнопки окон",
                "p5": "Выключить размытие на экране блокировки",
                "p6": "Включить старый стиль Alt+Tab из Windows XP",
                "p7": "Выключить прозрачность",
                "p8": "Включить тёмную тему",
                "newname": "Новый файл",
                "c1": "  Стандартный",
                "c2": "  Бирюзовый",
                "c3": "  Фиолетовый",
                "c4": "  Зелёный",
                "c5": "  Оранжевый",
                "c6": "  Красный",
                "c7": "  Синий",
                "c8": "  Чёрный",
                "b1": "Применить",
                "b2": "Стандарт"
            },
            "status": {
                "apN": "Вы успешно изменили имя по умолчанию для новых файлов и папок.",
                "stN": "Вы успешно восстановили имя по умолчанию для новых файлов и папок.",
                "apC": "Вы успешно изменили цвет выделения."
            }
        },
        "tel": {
            "main": {
                "label": "Отключение телеметрии",
                "t1": "Отключить всю телеметрию",
                "t2": "Отключить диагностику приложений",
                "t3": "Отключить сбор и публикацию данных об активности пользователя",
                "t4": "Отключить сбор данных о производительности системы",
                "t5": "Отключить сбор данных о нажатиях клавиш",
                "t6": "Отключить обновление голосовых данных"
            }
        },
        "pci": {
            "main": {
                "label": "Информация о ПК",
                "processorlabel": "Процессор:",
                "processorname": "Название:",
                "processorcores": "Количество ядер:",
                "processorthr": "Количество потоков:",
                "processorfreq": "Базовая частота:",
                "processorcache": "Кэш 3 уровня:",

                "ramlabel": "ОЗУ:",
                "ramtotal": "Всего памяти:",
                "ramddr": "Тип DDR:",
                "ramfreq": "Частота:",

                "mblabel": "Материнская плата:",
                "mbname": "Название:",
                "mbver": "Версия BIOS:",
                "mbdate": "Дата обнов. BIOS:",

                "vlabel": "Видеокарта:",
                "vname": "Название:",
                "vmem": "Количество видеопамяти:",

                "ssdl": "SSD, HDD, USB флешки",
                "sname": "Название:",
                "smem": "Полный объём:",
                "hostw": "Всего хост-записей:",

                "sensl": "Датчики и температура:",
                "tdpcpu": "TDP процессора:",
                "tdpgpu": "TDP видеокарты:",
                "celcpu": "Температура процессора:",
                "celgpu": "Температура видеокарты:",
                "coollerv": "Обороты кулеров:",

                "benchtitle": "Бенчмарки с помощью MakuTweaker",
                "benchbutton": "Одноядерный тест",
                "benchbutton2": "Многопоточный тест",
                "lookresulbutton": "Другие результаты",
                "benchtip": "Нажмите на одну из кнопок чтобы начать тесты.",
                "test1": "Одноядерный тест завершён.",
                "test2": "Балл:",
                "test3": "операций выполнено.",
                "running": "Идёт одноядерный тест...\nПодождите 10 секунд.",
                "running_multicore": "Идёт многопоточный тест...\nПодождите 10 секунд.",
                "test1multi": "Многопоточный тест завершён.",
                "f2tip": "Нажмите F2, чтобы сделать скриншот."
            }
        },
        "ab": {
            "main": {
                "lang": "Язык программы",
                "th": "Тема программы",
                "sys": "Системная",
                "l": "Светлая",
                "d": "Тёмная",
                "st": "Стиль",
                "label": "Настройки",
                "credL": "Идея и разработка:\r\nИконка программы:\r\nОсобая благодарность:",
                "credN": "Марк Аддерли, Nikitori629\r\nNikitori629\r\nСергій Ткаченко, Massgrave",
                "atop": "Официальный сайт"
            }
        }
    }
}